{
   "OasisHouse2" : {
      "bodyx1" : 0.0,
      "bodyx2" : 0.0,
      "bodyy1" : 0.0,
      "bodyy2" : 0.0,
      "frame_num" : 1,
      "hight" : 500.0,
      "name" : "OasisHouse2",
      "tex_file" : "Oasis_House",
      "width" : 750.0,
      "x" : 87.96243286132813,
      "y" : 67.14375305175781
   }
}