{
   "OasisHouse2" : {
      "bodyx1" : 0.0,
      "bodyx2" : 0.0,
      "bodyy1" : 0.0,
      "bodyy2" : 0.0,
      "frame_num" : 1,
      "hight" : 500.0,
      "name" : "OasisHouse2",
      "tex_file" : "Oasis_House",
      "width" : 750.0,
      "x" : 87.96243286132813,
      "y" : 67.14375305175781
   },
   "OasisHouse3" : {
      "bodyx1" : 0.0,
      "bodyx2" : 0.0,
      "bodyy1" : 0.0,
      "bodyy2" : 0.0,
      "frame_num" : 1,
      "hight" : 500.0,
      "name" : "OasisHouse3",
      "tex_file" : "Oasis_House",
      "width" : 600.0,
      "x" : 92.37315368652344,
      "y" : 65.30673217773438
   },
   "OasisHouse4" : {
      "bodyx1" : 0.0,
      "bodyx2" : 0.0,
      "bodyy1" : 0.0,
      "bodyy2" : 0.0,
      "frame_num" : 1,
      "hight" : 500.0,
      "name" : "OasisHouse4",
      "tex_file" : "Oasis_House",
      "width" : 600.0,
      "x" : 91.74649047851563,
      "y" : 73.86704254150391
   },
   "OasisHouse5" : {
      "bodyx1" : 0.0,
      "bodyx2" : 0.0,
      "bodyy1" : 0.0,
      "bodyy2" : 0.0,
      "frame_num" : 1,
      "hight" : 500.0,
      "name" : "OasisHouse5",
      "tex_file" : "Oasis_House",
      "width" : 600.0,
      "x" : 91.68742370605469,
      "y" : 77.61361694335938
   },
   "OasisHouse6" : {
      "bodyx1" : 0.0,
      "bodyx2" : 0.0,
      "bodyy1" : 0.0,
      "bodyy2" : 0.0,
      "frame_num" : 1,
      "hight" : 500.0,
      "name" : "OasisHouse6",
      "tex_file" : "Oasis_House",
      "width" : 600.0,
      "x" : 84.51280212402344,
      "y" : 89.20391845703125
   },
   "OasisHouse7" : {
      "bodyx1" : 0.0,
      "bodyx2" : 0.0,
      "bodyy1" : 0.0,
      "bodyy2" : 0.0,
      "frame_num" : 1,
      "hight" : 500.0,
      "name" : "OasisHouse7",
      "tex_file" : "Oasis_House",
      "width" : 600.0,
      "x" : 75.63539886474609,
      "y" : 69.79405212402344
   },
   "Oasis_TownCenter" : {
      "bodyx1" : 0.0,
      "bodyx2" : 0.0,
      "bodyy1" : 0.0,
      "bodyy2" : 0.0,
      "frame_num" : 1,
      "hight" : 1000.0,
      "name" : "Oasis_TownCenter",
      "tex_file" : "Oasis_Tower",
      "width" : 1000.0,
      "x" : 84.09371185302734,
      "y" : 73.26766204833984
   },
   "VillageElder" : {
      "bodyx1" : 0.0,
      "bodyx2" : 0.0,
      "bodyy1" : 0.0,
      "bodyy2" : 0.0,
      "frame_num" : 1,
      "hight" : 500.0,
      "name" : "VillageElder",
      "tex_file" : "Oasis_Elder_House",
      "width" : 600.0,
      "x" : 76.05385589599609,
      "y" : 81.78150939941406
   },
   "VillageTree" : {
      "bodyx1" : 0.0,
      "bodyx2" : 0.0,
      "bodyy1" : 0.0,
      "bodyy2" : 0.0,
      "frame_num" : 1,
      "hight" : 300.0,
      "name" : "VillageTree",
      "tex_file" : "Forest_Town_Center",
      "width" : 300.0,
      "x" : 160.3038024902344,
      "y" : 156.8727874755859
   },
   "YemojasHouse" : {
      "bodyx1" : 0.0,
      "bodyx2" : 0.0,
      "bodyy1" : 0.0,
      "bodyy2" : 0.0,
      "frame_num" : 1,
      "hight" : 500.0,
      "name" : "YemojasHouse",
      "tex_file" : "Oasis_Hero_House",
      "width" : 600.0,
      "x" : 91.87941741943359,
      "y" : 82.25676727294922
   },
   "barrel1" : {
      "bodyx1" : 0.0,
      "bodyx2" : 0.0,
      "bodyy1" : 0.0,
      "bodyy2" : 0.0,
      "frame_num" : 1,
      "hight" : 75.0,
      "name" : "barrel1",
      "tex_file" : "Barrel",
      "width" : 75.0,
      "x" : 52.62317276000977,
      "y" : 39.25979614257813
   },
   "barrl" : {
      "bodyx1" : 0,
      "bodyx2" : 0,
      "bodyy1" : 0,
      "bodyy2" : 0,
      "frame_num" : 1,
      "hight" : 50,
      "name" : "barrl",
      "tex_file" : "Barrel",
      "width" : 50,
      "x" : 114.0,
      "y" : 104.0
   },
   "barrl2" : {
      "bodyx1" : 0.0,
      "bodyx2" : 0.0,
      "bodyy1" : 0.0,
      "bodyy2" : 0.0,
      "frame_num" : 1,
      "hight" : 75.0,
      "name" : "barrl2",
      "tex_file" : "Barrel",
      "width" : 75.0,
      "x" : 54.71527481079102,
      "y" : 15.26224899291992
   },
   "center" : {
      "bodyx1" : 0.0,
      "bodyx2" : 0.0,
      "bodyy1" : 0.0,
      "bodyy2" : 0.0,
      "frame_num" : 1,
      "hight" : 1500.0,
      "name" : "center",
      "tex_file" : "Forest_Town_Center",
      "width" : 1000.0,
      "x" : 73.49081420898438,
      "y" : 52.98882293701172
   },
   "jim" : {
      "bodyx1" : 0,
      "bodyx2" : 0,
      "bodyy1" : 0,
      "bodyy2" : 0,
      "frame_num" : 1,
      "hight" : 500,
      "name" : "jim",
      "tex_file" : "Jungle_TreeT1",
      "width" : 500,
      "x" : 142.0,
      "y" : 157.0
   },
   "my_flower" : {
      "bodyx1" : 0.0,
      "bodyx2" : 0.0,
      "bodyy1" : 0.0,
      "bodyy2" : 0.0,
      "frame_num" : 1,
      "hight" : 50.0,
      "name" : "my_flower",
      "tex_file" : "Jungle_Flower2",
      "width" : 50.0,
      "x" : 93.12042236328125,
      "y" : 153.3115539550781
   },
   "mybrrl" : {
      "bodyx1" : 0.0,
      "bodyx2" : 0.0,
      "bodyy1" : 0.0,
      "bodyy2" : 0.0,
      "frame_num" : 1,
      "hight" : 500.0,
      "name" : "mybrrl",
      "tex_file" : "Barrel.png",
      "width" : 500.0,
      "x" : 99.74749755859375,
      "y" : 58.79998397827148
   }
}
