
  {
         "Oasis_Platform" : {
      "bodyx1" : 4000,
      "bodyx2" : 4000,
      "bodyy1" : 4000,
      "bodyy2" : 4000,
      "frame_num" : 1,
      "hight" : 4000.0,
      "name" : "Oasis_Platform",
      "tex_file" : "Oasis_Platform",
      "width" : 4000.0,
      "x" : 33.79774093627930,
      "y" : 116.4775619506836
   }
}
