{
   "JungleBotLeft" : {
      "bodyx1" : 100.0,
      "bodyx2" : -300.0,
      "bodyy1" : 100.0,
      "bodyy2" : -300.0,
      "frame_num" : 1,
      "hight" : 500.0,
      "name" : "JungleBotLeft",
      "tex_file" : "Jungle_Flower2",
      "width" : 500.0,
      "x" : 132.6137237548828,
      "y" : 180.4066619873047
   },
   "JungleBotRight" : {
      "bodyx1" : 100.0,
      "bodyx2" : -300.0,
      "bodyy1" : 100.0,
      "bodyy2" : -300.0,
      "frame_num" : 1,
      "hight" : 500.0,
      "name" : "JungleBotRight",
      "tex_file" : "Jungle_Plant1",
      "width" : 500.0,
      "x" : 182.2415771484375,
      "y" : 181.589355468750
   },
   "JungleTopLeft" : {
      "bodyx1" : 100.0,
      "bodyx2" : -300.0,
      "bodyy1" : 100.0,
      "bodyy2" : -300.0,
      "frame_num" : 1,
      "hight" : 500.0,
      "name" : "JungleTopLeft",
      "tex_file" : "Jungle_Flower1",
      "width" : 500.0,
      "x" : 132.1327514648438,
      "y" : 131.1070556640625
   }, ////////////////////////Jungle Stuff/////////////////////////////////////////////
   "JungleTopRight" : {
      "bodyx1" : -100.0,
      "bodyx2" : -100.0,
      "bodyy1" : -100.0,
      "bodyy2" : -100.0,
      "frame_num" : 1,
      "hight" : 500.0,
      "name" : "JungleTopRight",
      "tex_file" : "Jungle_Plant2",
      "width" : 500.0,
      "x" : 181.9929351806641,
      "y" : 131.482910156250
   },
   "JungleVillage" : {
      "bodyx1" : -1000.003906250,
      "bodyx2" : -999.996093750,
      "bodyy1" : -1000.0,
      "bodyy2" : -1000.0,
      "frame_num" : 1,
      "hight" : 700.0,
      "name" : "JungleVillage",
      "tex_file" : "JungleVillage",
      "width" : 700.0,
      "x" : 159.36718750,
      "y" : 154.4639282226563
   },
   //////////////////////////////Oasis Stuff///////////////////////
   "OasisHouse2" : {
      "bodyx1" : -1000.000488281250,
      "bodyx2" : -1000.0,
      "bodyy1" : -1000.0,
      "bodyy2" : -1000.0,
      "frame_num" : 1,
      "hight" : 500.0,
      "name" : "OasisHouse2",
      "tex_file" : "Oasis_House",
      "width" : 500.0,
      "x" : 81.11296081542969,
      "y" : 69.33458709716797
   },
   "OasisHouse3" : {
      "bodyx1" : -1000.0,
      "bodyx2" : -1000.0,
      "bodyy1" : -1000.0,
      "bodyy2" : -1000.0,
      "frame_num" : 1,
      "hight" : 500.0,
      "name" : "OasisHouse3",
      "tex_file" : "Oasis_House",
      "width" : 600.0,
      "x" : 91.75387573242188,
      "y" : 69.49647521972656
   },
   "OasisHouse4" : {
      "bodyx1" : 1000.0,
      "bodyx2" : -3000.0,
      "bodyy1" : 1000.000488281250,
      "bodyy2" : -3000.000488281250,
      "frame_num" : 1,
      "hight" : 500.0,
      "name" : "OasisHouse4",
      "tex_file" : "Oasis_House",
      "width" : 600.0,
      "x" : 91.74649047851563,
      "y" : 73.86704254150391
   },
   "OasisHouse5" : {
      "bodyx1" : 1000.0,
      "bodyx2" : -3000.0,
      "bodyy1" : 999.999511718750,
      "bodyy2" : -2999.99902343750,
      "frame_num" : 1,
      "hight" : 500.0,
      "name" : "OasisHouse5",
      "tex_file" : "Oasis_House",
      "width" : 600.0,
      "x" : 91.68742370605469,
      "y" : 77.61361694335938
   },
   "OasisHouse6" : {
      "bodyx1" : 1000.0019531250,
      "bodyx2" : -3000.0019531250,
      "bodyy1" : 1000.001464843750,
      "bodyy2" : -3000.00097656250,
      "frame_num" : 1,
      "hight" : 500.0,
      "name" : "OasisHouse6",
      "tex_file" : "Oasis_House",
      "width" : 600.0,
      "x" : 80.56961822509766,
      "y" : 81.65927886962891
   },
   "OasisHouse7" : {
      "bodyx1" : -1000.001464843750,
      "bodyx2" : -999.9980468750,
      "bodyy1" : -1000.0,
      "bodyy2" : -1000.0,
      "frame_num" : 1,
      "hight" : 500.0,
      "name" : "OasisHouse7",
      "tex_file" : "Oasis_House",
      "width" : 600.0,
      "x" : 76.17481231689453,
      "y" : 69.46572875976563
   },
   "Oasis_TownCenter" : {
      "bodyx1" : -999.99707031250,
      "bodyx2" : -1000.00292968750,
      "bodyy1" : -1000.0,
      "bodyy2" : -1000.0,
      "frame_num" : 1,
      "hight" : 1000.0,
      "name" : "Oasis_TownCenter",
      "tex_file" : "Oasis_Tower",
      "width" : 1000.0,
      "x" : 81.91671752929688,
      "y" : 69.67967987060547
   },
   "VillageElder" : {
      "bodyx1" : -999.999511718750,
      "bodyx2" : -1000.0,
      "bodyy1" : -1000.001464843750,
      "bodyy2" : -999.9980468750,
      "frame_num" : 1,
      "hight" : 500.0,
      "name" : "VillageElder",
      "tex_file" : "Oasis_Elder_House",
      "width" : 600.0,
      "x" : 76.05385589599609,
      "y" : 81.78150939941406
   },
   "VillageTree" : {
      "bodyx1" : -1000.00488281250,
      "bodyx2" : -999.99511718750,
      "bodyy1" : -1000.00292968750,
      "bodyy2" : -999.99707031250,
      "frame_num" : 1,
      "hight" : 300.0,
      "name" : "VillageTree",
      "tex_file" : "Forest_Town_Center",
      "width" : 300.0,
      "x" : 160.3038024902344,
      "y" : 156.8727874755859
   },
   "YemojasHouse" : {
      "bodyx1" : -1000.0,
      "bodyx2" : -1000.0,
      "bodyy1" : -1000.0,
      "bodyy2" : -1000.0,
      "frame_num" : 1,
      "hight" : 500.0,
      "name" : "YemojasHouse",
      "tex_file" : "Oasis_Hero_House",
      "width" : 600.0,
      "x" : 91.87941741943359,
      "y" : 82.25676727294922
   }
   }