{
   "MountainBuilding_01" : {
      "bodyx1" : 1600.0,
      "bodyx2" : 1600.0,
      "bodyy1" : 1600.0,
      "bodyy2" : 1600.0,
      "frame_num" : 1,
      "hight" : 1600.0,
      "name" : "MountainBuilding_01",
      "tex_file" : "MountainBuilding_01",
      "width" : 1600.0,
      "x" : 170.8839263916016,
      "y" : 80.83441925048828
   },
   "MountainBuilding_02" : {
      "bodyx1" : 1600.0,
      "bodyx2" : 1600.0,
      "bodyy1" : 1600.0,
      "bodyy2" : 1600.0,
      "frame_num" : 1,
      "hight" : 1600.0,
      "name" : "MountainBuilding_02",
      "tex_file" : "MountainBuilding_02",
      "width" : 1600.0,
      "x" : 193.90917968750,
      "y" : 84.90924072265625
   },
   "Mountain_House01" : {
      "bodyx1" : 0.0,
      "bodyx2" : 0.0,
      "bodyy1" : 0.0,
      "bodyy2" : 0.0,
      "frame_num" : 1,
      "hight" : 600.0,
      "name" : "Mountain_House01",
      "tex_file" : "Mountain_House01",
      "width" : 600.0,
      "x" : 196.9158325195313,
      "y" : 50.86151885986328
   },
   "Mountain_House02" : {
      "bodyx1" : 0.0,
      "bodyx2" : 0.0,
      "bodyy1" : 270.0,
      "bodyy2" : 120.0,
      "frame_num" : 1,
      "hight" : 700.0,
      "name" : "Mountain_House02",
      "tex_file" : "Mountain_House02",
      "width" : 700.0,
      "x" : 187.7844085693359,
      "y" : 58.05238342285156
   },
   "Mountain_House_Back01" : {
      "bodyx1" : 0.0,
      "bodyx2" : 0.0,
      "bodyy1" : 250.0,
      "bodyy2" : 200.0,
      "frame_num" : 1,
      "hight" : 800.0,
      "name" : "Mountain_House_Back01",
      "tex_file" : "Mountain_House_Back01",
      "width" : 800.0,
      "x" : 181.3612365722656,
      "y" : 96.71752166748047
   },
   "Rock1" : {
      "bodyx1" : 0.0,
      "bodyx2" : 0.0,
      "bodyy1" : 0.0,
      "bodyy2" : 0.0,
      "frame_num" : 1,
      "hight" : 300.0,
      "name" : "Rock1",
      "tex_file" : "Rock1",
      "width" : 300.0,
      "x" : 181.5035095214844,
      "y" : 80.61454772949219
   },
   "Rock1-0" : {
      "bodyx1" : 0.0,
      "bodyx2" : 0.0,
      "bodyy1" : 0.0,
      "bodyy2" : 0.0,
      "frame_num" : 1,
      "hight" : 300.0,
      "name" : "Rock1-0",
      "tex_file" : "Rock1",
      "width" : 300.0,
      "x" : 199.9535980224609,
      "y" : 63.16425323486328
   },
   "Rock1-1" : {
      "bodyx1" : 0.0,
      "bodyx2" : 0.0,
      "bodyy1" : 0.0,
      "bodyy2" : 0.0,
      "frame_num" : 1,
      "hight" : 300.0,
      "name" : "Rock1-1",
      "tex_file" : "Rock1",
      "width" : 300.0,
      "x" : 189.2969970703125,
      "y" : 80.13882446289063
   },
   "Rock1-2" : {
      "bodyx1" : 0.0,
      "bodyx2" : 0.0,
      "bodyy1" : 0.0,
      "bodyy2" : 0.0,
      "frame_num" : 1,
      "hight" : 300.0,
      "name" : "Rock1-2",
      "tex_file" : "Rock1",
      "width" : 300.0,
      "x" : 185.4936981201172,
      "y" : 67.82589721679688
   },
   "Rock1-3" : {
      "bodyx1" : 0.0,
      "bodyx2" : 0.0,
      "bodyy1" : 0.0,
      "bodyy2" : 0.0,
      "frame_num" : 1,
      "hight" : 300.0,
      "name" : "Rock1-3",
      "tex_file" : "Rock1",
      "width" : 300.0,
      "x" : 191.1650848388672,
      "y" : 74.49103546142578
   },
   "Rock1-4" : {
      "bodyx1" : 0.0,
      "bodyx2" : 0.0,
      "bodyy1" : 0.0,
      "bodyy2" : 0.0,
      "frame_num" : 1,
      "hight" : 300.0,
      "name" : "Rock1-4",
      "tex_file" : "Rock1",
      "width" : 300.0,
      "x" : 193.1146240234375,
      "y" : 67.82589721679688
   },
   "Rock1-5" : {
      "bodyx1" : 0.0,
      "bodyx2" : 0.0,
      "bodyy1" : 0.0,
      "bodyy2" : 0.0,
      "frame_num" : 1,
      "hight" : 300.0,
      "name" : "Rock1-5",
      "tex_file" : "Rock1",
      "width" : 300.0,
      "x" : 183.0567779541016,
      "y" : 73.70417785644531
   },
   "Rock2" : {
      "bodyx1" : 0.0,
      "bodyx2" : 0.0,
      "bodyy1" : 0.0,
      "bodyy2" : 0.0,
      "frame_num" : 1,
      "hight" : 200.0,
      "name" : "Rock2",
      "tex_file" : "Rock2",
      "width" : 200.0,
      "x" : 185.2165374755859,
      "y" : 64.60542297363281
   },
   "Rock3" : {
      "bodyx1" : 0.0,
      "bodyx2" : 0.0,
      "bodyy1" : 0.0,
      "bodyy2" : 0.0,
      "frame_num" : 1,
      "hight" : 200.0,
      "name" : "Rock3",
      "tex_file" : "Rock3",
      "width" : 200.0,
      "x" : 195.7273864746094,
      "y" : 55.65157699584961
   },
   "Rock4" : {
      "bodyx1" : 0.0,
      "bodyx2" : 0.0,
      "bodyy1" : 0.0,
      "bodyy2" : 0.0,
      "frame_num" : 1,
      "hight" : 500.0,
      "name" : "Rock4",
      "tex_file" : "Rock4",
      "width" : 500.0,
      "x" : 178.2106628417969,
      "y" : 68.77046966552734
   },
   "Rock5" : {
      "bodyx1" : 0.0,
      "bodyx2" : 0.0,
      "bodyy1" : 0.0,
      "bodyy2" : 0.0,
      "frame_num" : 1,
      "hight" : 200.0,
      "name" : "Rock5",
      "tex_file" : "Rock5",
      "width" : 200.0,
      "x" : 195.5058441162109,
      "y" : 61.9001464843750
   },
   "Rock_Stack1" : {
      "bodyx1" : 185,
      "bodyx2" : 158,
      "bodyy1" : 429,
      "bodyy2" : 0.0,
      "frame_num" : 1,
      "hight" : 500.0,
      "name" : "Rock_Stack1",
      "tex_file" : "Rock_Stack1",
      "width" : 500.0,
      "x" : 158.4297790527344,
      "y" : 86.40565490722656
   },
   "Rock_Stack2" : {
      "bodyx1" : 185,
      "bodyx2" : 158,
      "bodyy1" : 429,
      "bodyy2" : 0.0,
      "frame_num" : 1,
      "hight" : 500.0,
      "name" : "Rock_Stack2",
      "tex_file" : "Rock_Stack2",
      "width" : 500.0,
      "x" : 158.8253784179688,
      "y" : 92.416503906250
   },
   "Rock_Stack3" : {
      "bodyx1" : 185,
      "bodyx2" : 158,
      "bodyy1" : 429,
      "bodyy2" : 0.0,
      "frame_num" : 1,
      "hight" : 500.0,
      "name" : "Rock_Stack3",
      "tex_file" : "Rock_Stack3",
      "width" : 500.0,
      "x" : 166.6008911132813,
      "y" : 94.21972656250
   },
   "Rock_Stack3-1" : {
      "bodyx1" : 185,
      "bodyx2" : 158,
      "bodyy1" : 429,
      "bodyy2" : 0.0,
      "frame_num" : 1,
      "hight" : 500.0,
      "name" : "Rock_Stack3-1",
      "tex_file" : "Rock_Stack3",
      "width" : 500.0,
      "x" : 166.6008911132813,
      "y" : 94.21972656250
   }
}
