{
   "JungleVillage" : {
      "bodyx1" : 4000.0,
      "bodyx2" : 4000.0,
      "bodyy1" : 4000.0,
      "bodyy2" : 4000.0,
      "frame_num" : 1,
      "hight" : 4000.0,
      "name" : "JungleVillage",
      "tex_file" : "JungleVillage_01",
      "width" : 4000.0,
      "x" : 155.8250885009766,
      "y" : 198.6017913818359
   },
   "Oasis_Platform" : {
      "bodyx1" : 4000.0,
      "bodyx2" : 4000.0,
      "bodyy1" : 4000.0,
      "bodyy2" : 4000.0,
      "frame_num" : 1,
      "hight" : 4000.0,
      "name" : "Oasis_Platform",
      "tex_file" : "Oasis_Platform",
      "width" : 4000.0,
      "x" : 34.68772888183594,
      "y" : 115.1970977783203
   }
}
