{
   "HosueBack" : {
      "bodyx1" : 0.0,
      "bodyx2" : 0.0,
      "bodyy1" : 162,
      "bodyy2" : 0.0,
      "frame_num" : 1,
      "hight" : 400.0,
      "name" : "HosueBack",
      "tex_file" : "Oasis_House_Back_01",
      "width" : 400.0,
      "x" : 36.84160614013672,
      "y" : 135.1930389404297
   },
   "HosueBack1" : {
      "bodyx1" : 0.0,
      "bodyx2" : 0.0,
      "bodyy1" : 162,
      "bodyy2" : 0.0,
      "frame_num" : 1,
      "hight" : 400.0,
      "name" : "HosueBack1",
      "tex_file" : "Oasis_House_Back_01",
      "width" : 400.0,
      "x" : 42.59158325195313,
      "y" : 140.2121124267578
   },
   "HosueBack1-0" : {
      "bodyx1" : 0.0,
      "bodyx2" : 0.0,
      "bodyy1" : 162,
      "bodyy2" : 0.0,
      "frame_num" : 1,
      "hight" : 400.0,
      "name" : "HosueBack1-0",
      "tex_file" : "Oasis_House_Back_01",
      "width" : 400.0,
      "x" : 62.95146942138672,
      "y" : 135.4815979003906
   },
   "HosueBack1-1" : {
      "bodyx1" : 0.0,
      "bodyx2" : 0.0,
      "bodyy1" : 162.0,
      "bodyy2" : 0.0,
      "frame_num" : 1,
      "hight" : 400.0,
      "name" : "HosueBack1-1",
      "tex_file" : "Oasis_House_Back_01",
      "width" : 400.0,
      "x" : 57.08069992065430,
      "y" : 135.2501678466797
   },
   "HosueBack1-2" : {
      "bodyx1" : 0.0,
      "bodyx2" : 0.0,
      "bodyy1" : 162,
      "bodyy2" : 0.0,
      "frame_num" : 1,
      "hight" : 400.0,
      "name" : "HosueBack1-2",
      "tex_file" : "Oasis_House_Back_01",
      "width" : 400.0,
      "x" : 61.66502761840820,
      "y" : 130.0760803222656
   },
   "HosueBack1-3" : {
      "bodyx1" : 0.0,
      "bodyx2" : 0.0,
      "bodyy1" : 162,
      "bodyy2" : 0.0,
      "frame_num" : 1,
      "hight" : 400.0,
      "name" : "HosueBack1-3",
      "tex_file" : "Oasis_House_Back_01",
      "width" : 400.0,
      "x" : 42.66485214233398,
      "y" : 135.3701629638672
   },
   "HosueBack2" : {
      "bodyx1" : 0.0,
      "bodyx2" : 0.0,
      "bodyy1" : 162,
      "bodyy2" : 0.0,
      "frame_num" : 1,
      "hight" : 400.0,
      "name" : "HosueBack2",
      "tex_file" : "Oasis_House_Back_01",
      "width" : 400.0,
      "x" : 48.44700622558594,
      "y" : 124.6938781738281
   },
   "JungleVillage" : {
      "bodyx1" : 4000.0,
      "bodyx2" : 4000.0,
      "bodyy1" : 4000.0,
      "bodyy2" : 4000.0,
      "frame_num" : 1,
      "hight" : 4000.0,
      "name" : "JungleVillage",
      "tex_file" : "JungleVillage_01",
      "width" : 4000.0,
      "x" : 155.8250885009766,
      "y" : 198.6017913818359
   },
   "OasisHouse1" : {
      "bodyx1" : 0,
      "bodyx2" : 0,
      "bodyy1" : 0,
      "bodyy2" : 0,
      "frame_num" : 1,
      "hight" : 500,
      "name" : "OasisHouse1",
      "tex_file" : "Oasis_House02",
      "width" : 500,
      "x" : 27.0,
      "y" : 153.0
   },
   "OasisHouse1-0" : {
      "bodyx1" : 0.0,
      "bodyx2" : 0.0,
      "bodyy1" : 100.0,
      "bodyy2" : 0.0,
      "frame_num" : 1,
      "hight" : 400.0,
      "name" : "OasisHouse1-0",
      "tex_file" : "Oasis_House01",
      "width" : 400.0,
      "x" : 48.54523468017578,
      "y" : 135.9547119140625
   },
   "OasisHouse2-0" : {
      "bodyx1" : 0.0,
      "bodyx2" : 0.0,
      "bodyy1" : 100.0,
      "bodyy2" : 0.0,
      "frame_num" : 1,
      "hight" : 400.0,
      "name" : "OasisHouse2-0",
      "tex_file" : "Oasis_House02",
      "width" : 400.0,
      "x" : 36.81698226928711,
      "y" : 131.1365814208984
   },
   "OasisHouse3-0" : {
      "bodyx1" : 0.0,
      "bodyx2" : 0.0,
      "bodyy1" : 100.0,
      "bodyy2" : 0.0,
      "frame_num" : 1,
      "hight" : 400.0,
      "name" : "OasisHouse3-0",
      "tex_file" : "Oasis_House01",
      "width" : 400.0,
      "x" : 42.57353973388672,
      "y" : 131.1627197265625
   },
   "OasisTower" : {
      "bodyx1" : 0.0,
      "bodyx2" : 0.0,
      "bodyy1" : 0.0,
      "bodyy2" : 0.0,
      "frame_num" : 1,
      "hight" : 500.0,
      "name" : "OasisTower",
      "tex_file" : "Oasis_Tower",
      "width" : 500.0,
      "x" : 47.95080947875977,
      "y" : 129.5162048339844
   },
   "Oasis_Platform" : {
      "bodyx1" : 5000.0,
      "bodyx2" : 5000.0,
      "bodyy1" : 5000.0,
      "bodyy2" : 5000.0,
      "frame_num" : 1,
      "hight" : 4000.0,
      "name" : "Oasis_Platform",
      "tex_file" : "Oasis_Platform",
      "width" : 4000.0,
      "x" : 34.68772888183594,
      "y" : 115.1970977783203
   },
   "Test" : {
      "bodyx1" : 0.0,
      "bodyx2" : 0.0,
      "bodyy1" : 100.0,
      "bodyy2" : 0.0,
      "frame_num" : 1,
      "hight" : 400.0,
      "name" : "Test",
      "tex_file" : "Oasis_House02",
      "width" : 400.0,
      "x" : 57.09288024902344,
      "y" : 130.6699066162109
   },
   "Test-0" : {
      "bodyx1" : 0.0,
      "bodyx2" : 0.0,
      "bodyy1" : 100.0,
      "bodyy2" : 0.0,
      "frame_num" : 1,
      "hight" : 400.0,
      "name" : "Test-0",
      "tex_file" : "Oasis_House03",
      "width" : 400.0,
      "x" : 66.13018035888672,
      "y" : 131.1716461181641
   }
}
