{
   "HosueBack" : {
      "bodyx1" : 0.0,
      "bodyx2" : 0.0,
      "bodyy1" : 0.0,
      "bodyy2" : 0.0,
      "frame_num" : 1,
      "hight" : 400.0,
      "name" : "HosueBack",
      "tex_file" : "Oasis_House_Back_03",
      "width" : 400.0,
      "x" : 36.84160614013672,
      "y" : 135.1930389404297
   },
   "HosueBack1" : {
      "bodyx1" : 0.0,
      "bodyx2" : 0.0,
      "bodyy1" : 0.0,
      "bodyy2" : 0.0,
      "frame_num" : 1,
      "hight" : 400.0,
      "name" : "HosueBack1",
      "tex_file" : "Oasis_House_Back_03",
      "width" : 400.0,
      "x" : 42.51299285888672,
      "y" : 140.0530395507813
   },
   "HosueBack2" : {
      "bodyx1" : 0.0,
      "bodyx2" : 0.0,
      "bodyy1" : 0.0,
      "bodyy2" : 0.0,
      "frame_num" : 1,
      "hight" : 400.0,
      "name" : "HosueBack2",
      "tex_file" : "Oasis_House_Back_03",
      "width" : 400.0,
      "x" : 42.71237945556641,
      "y" : 135.6096038818359
   },
   "JungleVillage" : {
      "bodyx1" : 4000.0,
      "bodyx2" : 4000.0,
      "bodyy1" : 4000.0,
      "bodyy2" : 4000.0,
      "frame_num" : 1,
      "hight" : 4000.0,
      "name" : "JungleVillage",
      "tex_file" : "JungleVillage_01",
      "width" : 4000.0,
      "x" : 155.8250885009766,
      "y" : 198.6017913818359
   },
   "OasisHouse1" : {
      "bodyx1" : 0,
      "bodyx2" : 0,
      "bodyy1" : 0,
      "bodyy2" : 0,
      "frame_num" : 1,
      "hight" : 500,
      "name" : "OasisHouse1",
      "tex_file" : "Oasis_House03",
      "width" : 500,
      "x" : 27.0,
      "y" : 153.0
   },
   "OasisHouse1-0" : {
      "bodyx1" : 0.0,
      "bodyx2" : 0.0,
      "bodyy1" : 100.0,
      "bodyy2" : 0.0,
      "frame_num" : 1,
      "hight" : 400.0,
      "name" : "OasisHouse1-0",
      "tex_file" : "Oasis_House01",
      "width" : 400.0,
      "x" : 48.57310485839844,
      "y" : 136.0828857421875
   },
   "OasisHouse2-0" : {
      "bodyx1" : 0.0,
      "bodyx2" : 0.0,
      "bodyy1" : 100.0,
      "bodyy2" : 0.0,
      "frame_num" : 1,
      "hight" : 400.0,
      "name" : "OasisHouse2-0",
      "tex_file" : "Oasis_House01",
      "width" : 400.0,
      "x" : 36.81698226928711,
      "y" : 131.1365814208984
   },
   "OasisHouse3-0" : {
      "bodyx1" : 0.0,
      "bodyx2" : 0.0,
      "bodyy1" : 100.0,
      "bodyy2" : 0.0,
      "frame_num" : 1,
      "hight" : 400.0,
      "name" : "OasisHouse3-0",
      "tex_file" : "Oasis_House02",
      "width" : 400.0,
      "x" : 42.59284973144531,
      "y" : 131.0413208007813
   },
   "OasisHouse3-0-0" : {
      "bodyx1" : 0.0,
      "bodyx2" : 0.0,
      "bodyy1" : 100.0,
      "bodyy2" : 0.0,
      "frame_num" : 1,
      "hight" : 400.0,
      "name" : "OasisHouse3-0-0",
      "tex_file" : "Oasis_House02",
      "width" : 400.0,
      "x" : 52.59284973144531,
      "y" : 136.0413208007813
   },
   "OasisHouse3-0-1" : {
      "bodyx1" : 0.0,
      "bodyx2" : 0.0,
      "bodyy1" : 100.0,
      "bodyy2" : 0.0,
      "frame_num" : 1,
      "hight" : 400.0,
      "name" : "OasisHouse3-0-1",
      "tex_file" : "Oasis_House02",
      "width" : 400.0,
      "x" : 57.59284973144531,
      "y" : 136.0413208007813
   },
   "OasisHouse3-0-2" : {
      "bodyx1" : 0.0,
      "bodyx2" : 0.0,
      "bodyy1" : 100.0,
      "bodyy2" : 0.0,
      "frame_num" : 1,
      "hight" : 400.0,
      "name" : "OasisHouse3-0-2",
      "tex_file" : "Oasis_House02",
      "width" : 400.0,
      "x" : 62.59284973144531,
      "y" : 136.0413208007813
   },
   "OasisHouse3-0-3" : {
      "bodyx1" : 0.0,
      "bodyx2" : 0.0,
      "bodyy1" : 100.0,
      "bodyy2" : 0.0,
      "frame_num" : 1,
      "hight" : 400.0,
      "name" : "OasisHouse3-0-3",
      "tex_file" : "Oasis_House02",
      "width" : 400.0,
      "x" : 67.59284973144531,
      "y" : 136.0413208007813
   },
   "OasisHouse3-0-4" : {
      "bodyx1" : 0.0,
      "bodyx2" : 0.0,
      "bodyy1" : 100.0,
      "bodyy2" : 0.0,
      "frame_num" : 1,
      "hight" : 400.0,
      "name" : "OasisHouse3-0-4",
      "tex_file" : "Oasis_House02",
      "width" : 400.0,
      "x" : 72.59284973144531,
      "y" : 136.0413208007813
   },
   "OasisHouse3-0-5" : {
      "bodyx1" : 0.0,
      "bodyx2" : 0.0,
      "bodyy1" : 100.0,
      "bodyy2" : 0.0,
      "frame_num" : 1,
      "hight" : 400.0,
      "name" : "OasisHouse3-0-5",
      "tex_file" : "Oasis_House02",
      "width" : 400.0,
      "x" : 77.59284973144531,
      "y" : 136.0413208007813
   },
   "OasisHouse3-0-6" : {
      "bodyx1" : 0.0,
      "bodyx2" : 0.0,
      "bodyy1" : 100.0,
      "bodyy2" : 0.0,
      "frame_num" : 1,
      "hight" : 400.0,
      "name" : "OasisHouse3-0-6",
      "tex_file" : "Oasis_House02",
      "width" : 400.0,
      "x" : 82.59284973144531,
      "y" : 136.0413208007813
   },
   "Oasis_Platform" : {
      "bodyx1" : 4000.0,
      "bodyx2" : 4000.0,
      "bodyy1" : 4000.0,
      "bodyy2" : 4000.0,
      "frame_num" : 1,
      "hight" : 4000.0,
      "name" : "Oasis_Platform",
      "tex_file" : "Oasis_Platform",
      "width" : 4000.0,
      "x" : 34.68772888183594,
      "y" : 115.1970977783203
   }
}
