{

  "Jungle_Element_Num_56": {
    "bodyx1": 210.0,
    "bodyx2": 200.0,
    "bodyy1": 420.0,
    "bodyy2": 50.0,
    "frame_num": 1,
    "hight": 500.0,
    "name": "Jungle_Element_Num_56",
    "tex_file": "Jungle_Tree_2",
    "width": 500.0,
    "x": 120.7029113769531,
    "y": 206.0450592041016
  }
}