{
   "ADeleteME" : {
      "bodyx1" : 0.0,
      "bodyx2" : 0.0,
      "bodyy1" : 0.0,
      "bodyy2" : 0.0,
      "frame_num" : 1,
      "hight" : 500.0,
      "name" : "ADeleteME",
      "tex_file" : "kjhg'",
      "width" : 500.0,
      "x" : 163.8875427246094,
      "y" : 201.0262298583984
   },
   "JungleFrontWall1" : {
      "bodyx1" : 0.0,
      "bodyx2" : 0.0,
      "bodyy1" : 0.0,
      "bodyy2" : 0.0,
      "frame_num" : 1,
      "hight" : 300.0,
      "name" : "JungleFrontWall1",
      "tex_file" : "blank",
      "width" : 700.0,
      "x" : 184.0015106201172,
      "y" : 225.2563018798828
   },
   "JungleFrontWall11" : {
      "bodyx1" : 0.0,
      "bodyx2" : 0.0,
      "bodyy1" : 0.0,
      "bodyy2" : 0.0,
      "frame_num" : 1,
      "hight" : 300.0,
      "name" : "JungleFrontWall11",
      "tex_file" : "blank",
      "width" : 1600.0,
      "x" : 193.3674011230469,
      "y" : 226.5878753662109
   },
   "JungleMiddle20" : {
      "bodyx1" : 0.0,
      "bodyx2" : 0.0,
      "bodyy1" : 0.0,
      "bodyy2" : 0.0,
      "frame_num" : 1,
      "hight" : 500.0,
      "name" : "JungleMiddle20",
      "tex_file" : "blank",
      "width" : 300.0,
      "x" : 182.1622924804688,
      "y" : 209.7019653320313
   },
   "JungleMiddleWall" : {
      "bodyx1" : 0.0,
      "bodyx2" : 0.0,
      "bodyy1" : 0.0,
      "bodyy2" : 0.0,
      "frame_num" : 1,
      "hight" : 500.0,
      "name" : "JungleMiddleWall",
      "tex_file" : "blank",
      "width" : 3.0,
      "x" : 199.5386352539063,
      "y" : 204.3971710205078
   },
   "JungleMiddleWall2" : {
      "bodyx1" : 0.0,
      "bodyx2" : 0.0,
      "bodyy1" : 0.0,
      "bodyy2" : 0.0,
      "frame_num" : 1,
      "hight" : 500.0,
      "name" : "JungleMiddleWall2",
      "tex_file" : "blank",
      "width" : 300.0,
      "x" : 200.5386352539063,
      "y" : 204.0886077880859
   },
   "JungleMiddleWall3" : {
      "bodyx1" : 0.0,
      "bodyx2" : 0.0,
      "bodyy1" : 0.0,
      "bodyy2" : 0.0,
      "frame_num" : 1,
      "hight" : 300.0,
      "name" : "JungleMiddleWall3",
      "tex_file" : "blank",
      "width" : 700.0,
      "x" : 187.0591278076172,
      "y" : 210.4075775146484
   },
   "JungleSideWall" : {
      "bodyx1" : 0.0,
      "bodyx2" : 0.0,
      "bodyy1" : 0.0,
      "bodyy2" : 0.0,
      "frame_num" : 1,
      "hight" : 2800.0,
      "name" : "JungleSideWall",
      "tex_file" : "blank",
      "width" : 300.0,
      "x" : 206.6073608398438,
      "y" : 202.4396667480469
   },
   "JungleSideWall3" : {
      "bodyx1" : 0.0,
      "bodyx2" : 0.0,
      "bodyy1" : 0.0,
      "bodyy2" : 0.0,
      "frame_num" : 1,
      "hight" : 1100.0,
      "name" : "JungleSideWall3",
      "tex_file" : "blank",
      "width" : 300.0,
      "x" : 179.5254364013672,
      "y" : 205.8639526367188
   },
   "JungleSideWall4" : {
      "bodyx1" : 0.0,
      "bodyx2" : 0.0,
      "bodyy1" : 0.0,
      "bodyy2" : 0.0,
      "frame_num" : 1,
      "hight" : 300.0,
      "name" : "JungleSideWall4",
      "tex_file" : "blank",
      "width" : 1000.0,
      "x" : 171.0982971191406,
      "y" : 212.0933837890625
   },
   "JungleSideWall5" : {
      "bodyx1" : 0.0,
      "bodyx2" : 0.0,
      "bodyy1" : 0.0,
      "bodyy2" : 0.0,
      "frame_num" : 1,
      "hight" : 1000.0,
      "name" : "JungleSideWall5",
      "tex_file" : "blank",
      "width" : 300.0,
      "x" : 170.9600067138672,
      "y" : 213.7474822998047
   },
   "JungleSideWall6" : {
      "bodyx1" : 0.0,
      "bodyx2" : 0.0,
      "bodyy1" : 0.0,
      "bodyy2" : 0.0,
      "frame_num" : 1,
      "hight" : 300.0,
      "name" : "JungleSideWall6",
      "tex_file" : "blank",
      "width" : 1000.0,
      "x" : 172.2969207763672,
      "y" : 220.0189056396484
   },
   "JungleSideWall8" : {
      "bodyx1" : 0.0,
      "bodyx2" : 0.0,
      "bodyy1" : 0.0,
      "bodyy2" : 0.0,
      "frame_num" : 1,
      "hight" : 1200.0,
      "name" : "JungleSideWall8",
      "tex_file" : "blank",
      "width" : 300.0,
      "x" : 179.4030609130859,
      "y" : 218.7589111328125
   },
   "JungleVillage" : {
      "bodyx1" : 4000.0,
      "bodyx2" : 4000.0,
      "bodyy1" : 4000.0,
      "bodyy2" : 4000.0,
      "frame_num" : 1,
      "hight" : 4000.0,
      "name" : "JungleVillage",
      "tex_file" : "JungleVillage_01",
      "width" : 4000.0,
      "x" : 170.1561584472656,
      "y" : 195.7586975097656
   },
   "JungleWall11" : {
      "bodyx1" : 0.0,
      "bodyx2" : 0.0,
      "bodyy1" : 0.0,
      "bodyy2" : 0.0,
      "frame_num" : 1,
      "hight" : 1200.0,
      "name" : "JungleWall11",
      "tex_file" : "blank",
      "width" : 300.0,
      "x" : 193.2827911376953,
      "y" : 218.3464508056641
   },
   "JungleWallMiddle" : {
      "bodyx1" : 0.0,
      "bodyx2" : 0.0,
      "bodyy1" : 0.0,
      "bodyy2" : 0.0,
      "frame_num" : 1,
      "hight" : 1000.0,
      "name" : "JungleWallMiddle",
      "tex_file" : "blank",
      "width" : 300.0,
      "x" : 193.4257965087891,
      "y" : 204.042968750
   },
   "topWallJungle" : {
      "bodyx1" : 0.0,
      "bodyx2" : 0.0,
      "bodyy1" : 0.0,
      "bodyy2" : 0.0,
      "frame_num" : 1,
      "hight" : 300.0,
      "name" : "topWallJungle",
      "tex_file" : "blank",
      "width" : 3000.0,
      "x" : 179.4866943359375,
      "y" : 203.0470886230469
   }
}
