{////////////////////////Jungle Stuff/////////////////////////////////////////////

   "ForestTownCenterTree" : {
      "bodyx1" : 1000.0,
      "bodyx2" : -3000.0,
      "bodyy1" : 999.9980468750,
      "bodyy2" : -2999.9980468750,
      "frame_num" : 1,
      "hight" : 1500.0,
      "name" : "ForestTownCenterTree",
      "tex_file" : "Forest_Town_Center",
      "width" : 1500.0,
      "x" : 189.5954132080078,
      "y" : 165.3570709228516
   },
   "JF10" : {
      "bodyx1" : 100.0,
      "bodyx2" : -100.0,
      "bodyy1" : 100.0,
      "bodyy2" : -100.0,
      "frame_num" : 1,
      "hight" : 50.0,
      "name" : "JF3",
      "tex_file" : "Jungle_Flower2",
      "width" : 50.0,
      "x" : 154.7196197509766,
      "y" : 172.8847656250
   },
   "JF11" : {
      "bodyx1" : 100.0,
      "bodyx2" : -100.0,
      "bodyy1" : 100.0,
      "bodyy2" : -100.0,
      "frame_num" : 1,
      "hight" : 50.0,
      "name" : "JF3",
      "tex_file" : "Jungle_Flower2",
      "width" : 50.0,
      "x" : 154.7196197509766,
      "y" : 172.8847656250
   },
   "JF12" : {
      "bodyx1" : 100.0,
      "bodyx2" : -100.0,
      "bodyy1" : 100.0,
      "bodyy2" : -100.0,
      "frame_num" : 1,
      "hight" : 50.0,
      "name" : "JF3",
      "tex_file" : "Jungle_Flower2",
      "width" : 50.0,
      "x" : 154.7196197509766,
      "y" : 172.8847656250
   },
   "JF3" : {
      "bodyx1" : 1000.0,
      "bodyx2" : -3000.0,
      "bodyy1" : 1000.0,
      "bodyy2" : -3000.0,
      "frame_num" : 1,
      "hight" : 50.0,
      "name" : "JF3",
      "tex_file" : "Jungle_Flower2",
      "width" : 50.0,
      "x" : 148.7062835693359,
      "y" : 174.2979736328125
   },
   "JF4" : {
      "bodyx1" : -999.9980468750,
      "bodyx2" : -1000.0019531250,
      "bodyy1" : -1000.0,
      "bodyy2" : -1000.0,
      "frame_num" : 1,
      "hight" : 500.0,
      "name" : "JF4",
      "tex_file" : "Jungle_Flower3",
      "width" : 500.0,
      "x" : 160.1663513183594,
      "y" : 168.5433959960938
   },
   "JF5" : {
      "bodyx1" : -1000.0,
      "bodyx2" : -1000.0,
      "bodyy1" : -1000.0,
      "bodyy2" : -1000.0,
      "frame_num" : 1,
      "hight" : 500.0,
      "name" : "JF4",
      "tex_file" : "Jungle_Flower3",
      "width" : 500.0,
      "x" : 150.0497436523438,
      "y" : 160.798339843750
   },
   "JF6" : {
      "bodyx1" : -1000.0,
      "bodyx2" : -1000.0,
      "bodyy1" : -1000.0,
      "bodyy2" : -1000.0,
      "frame_num" : 1,
      "hight" : 500.0,
      "name" : "JF4",
      "tex_file" : "Jungle_Flower3",
      "width" : 500.0,
      "x" : 154.0497436523438,
      "y" : 160.798339843750
   },
   "JF7" : {
      "bodyx1" : -1000.0,
      "bodyx2" : -1000.0,
      "bodyy1" : -1000.0,
      "bodyy2" : -1000.0,
      "frame_num" : 1,
      "hight" : 500.0,
      "name" : "JF4",
      "tex_file" : "Jungle_Flower3",
      "width" : 500.0,
      "x" : 146.0497436523438,
      "y" : 160.798339843750
   },
   "JF8" : {
      "bodyx1" : 100.0,
      "bodyx2" : -100.0,
      "bodyy1" : 100.0,
      "bodyy2" : -100.0,
      "frame_num" : 1,
      "hight" : 50.0,
      "name" : "JF3",
      "tex_file" : "Jungle_Flower2",
      "width" : 50.0,
      "x" : 149.7196197509766,
      "y" : 172.8847656250
   },
   "JF9" : {
      "bodyx1" : 100.0,
      "bodyx2" : -100.0,
      "bodyy1" : 100.0,
      "bodyy2" : -100.0,
      "frame_num" : 1,
      "hight" : 50.0,
      "name" : "JF3",
      "tex_file" : "Jungle_Flower2",
      "width" : 50.0,
      "x" : 147.7196197509766,
      "y" : 172.8847656250
   },
   "JP1" : {
      "bodyx1" : 999.99902343750,
      "bodyx2" : -2999.99902343750,
      "bodyy1" : 1000.0,
      "bodyy2" : -3000.0,
      "frame_num" : 1,
      "hight" : 100.0,
      "name" : "JP1",
      "tex_file" : "Jungle_Plant1",
      "width" : 100.0,
      "x" : 160.9033050537109,
      "y" : 165.1384582519531
   },
   "JP2" : {
      "bodyx1" : 1000.0,
      "bodyx2" : -3000.0,
      "bodyy1" : 1000.0,
      "bodyy2" : -3000.0,
      "frame_num" : 1,
      "hight" : 20.0,
      "name" : "JP2",
      "tex_file" : "Jungle_Flower4",
      "width" : 20.0,
      "x" : 151.8891754150391,
      "y" : 168.347656250
   },
   "JP3" : {
      "bodyx1" : 999.99902343750,
      "bodyx2" : -2999.99902343750,
      "bodyy1" : 1000.0,
      "bodyy2" : -3000.0,
      "frame_num" : 1,
      "hight" : 20.0,
      "name" : "JP2",
      "tex_file" : "Jungle_Flower3",
      "width" : 20.0,
      "x" : 157.9856872558594,
      "y" : 168.1206970214844
   },
   "JP4" : {
      "bodyx1" : 999.99902343750,
      "bodyx2" : -2999.99902343750,
      "bodyy1" : 1000.0,
      "bodyy2" : -3000.0,
      "frame_num" : 1,
      "hight" : 20.0,
      "name" : "JP2",
      "tex_file" : "Jungle_Flower4",
      "width" : 20.0,
      "x" : 160.9856872558594,
      "y" : 168.1206970214844
   },
   "JP5" : {
      "bodyx1" : 999.99902343750,
      "bodyx2" : -2999.99902343750,
      "bodyy1" : 1000.0,
      "bodyy2" : -3000.0,
      "frame_num" : 1,
      "hight" : 20.0,
      "name" : "JP2",
      "tex_file" : "Jungle_Flower4",
      "width" : 20.0,
      "x" : 151.9856872558594,
      "y" : 168.1206970214844
   },
   "JPot1" : {
      "bodyx1" : 0,
      "bodyx2" : 0,
      "bodyy1" : 0,
      "bodyy2" : 0,
      "frame_num" : 1,
      "hight" : 500,
      "name" : "JPot1",
      "tex_file" : "Jungle_Pot",
      "width" : 500,
      "x" : 187.0,
      "y" : 180.0
   },
   "JS1" : {
      "bodyx1" : -100.0,
      "bodyx2" : 100.0,
      "bodyy1" : -100.0,
      "bodyy2" : 100.0,
      "frame_num" : 1,
      "hight" : 50.0,
      "name" : "JS1",
      "tex_file" : "Jungle_shrub1",
      "width" : 50.0,
      "x" : 157.7538452148438,
      "y" : 176.1477355957031
   },
   "JT1" : {
      "bodyx1" : -1000.0,
      "bodyx2" : -1000.0,
      "bodyy1" : -999.99902343750,
      "bodyy2" : -1000.0,
      "frame_num" : 1,
      "hight" : 500.0,
      "name" : "JT1",
      "tex_file" : "Jungle_TrunkT1",
      "width" : 500.0,
      "x" : 149.1138458251953,
      "y" : 163.7714996337891
   },
   "JT10" : {
      "bodyx1" : -100.0,
      "bodyx2" : -100.0,
      "bodyy1" : -100.00097656250,
      "bodyy2" : -99.99902343750,
      "frame_num" : 1,
      "hight" : 500.0,
      "name" : "JT10",
      "tex_file" : "Jungle_TrunkT3",
      "width" : 500.0,
      "x" : 134.4671783447266,
      "y" : 158.6144409179688
   },
   "JT11" : {
      "bodyx1" : -100.0,
      "bodyx2" : -100.0,
      "bodyy1" : -99.99902343750,
      "bodyy2" : -100.0,
      "frame_num" : 1,
      "hight" : 500.0,
      "name" : "JT11",
      "tex_file" : "Jungle_TrunkT3",
      "width" : 500.0,
      "x" : 142.5690307617188,
      "y" : 158.9650115966797
   },
   "JT12" : {
      "bodyx1" : 0,
      "bodyx2" : 0,
      "bodyy1" : 0,
      "bodyy2" : 0,
      "frame_num" : 1,
      "hight" : 500,
      "name" : "JT12",
      "tex_file" : "Jungle_TrunkT2",
      "width" : 500,
      "x" : 137.0,
      "y" : 161.0
   },
   "JT13" : {
      "bodyx1" : 100.0,
      "bodyx2" : -300.0,
      "bodyy1" : 100.0,
      "bodyy2" : -300.0,
      "frame_num" : 1,
      "hight" : 500.0,
      "name" : "JT13",
      "tex_file" : "Jungle_TrunkT3",
      "width" : 500.0,
      "x" : 176.2269134521484,
      "y" : 169.0437316894531
   },
   "JT14" : {
      "bodyx1" : -100.00097656250,
      "bodyx2" : -99.9980468750,
      "bodyy1" : -100.0,
      "bodyy2" : -100.0,
      "frame_num" : 1,
      "hight" : 500.0,
      "name" : "JT14",
      "tex_file" : "Jungle_TrunkT2",
      "width" : 500.0,
      "x" : 163.0843505859375,
      "y" : 168.2687377929688
   },
   "JT2" : {
      "bodyx1" : 1000.0,
      "bodyx2" : -3000.0,
      "bodyy1" : 1000.0,