{
   "YemojasHouse" : {
      "bodyx1" : 110,
      "bodyx2" : 150,
      "bodyy1" : 120,
      "bodyy2" : 60,
      "frame_num" : 1,
      "hight" : 400.0,
      "name" : "YemojasHouse",
      "tex_file" : "YemojasHouse",
      "width" : 600.0,
      "x" : 15.0,
      "y" : 4.0
   },
   "building3" : {
      "bodyx1" : -110.001464843750,
      "bodyx2" : -149.998535156250,
      "bodyy1" : -120.0,
      "bodyy2" : -60.0,
      "frame_num" : 1,
      "hight" : 400.0,
      "name" : "building3",
      "tex_file" : "Elder_House",
      "width" : 600.0,
      "x" : 76.01992797851563,
      "y" : 78.55764007568359
   },
   "building_1" : {
      "bodyx1" : -110.0,
      "bodyx2" : 150.0,
      "bodyy1" : -120.0,
      "bodyy2" : 60.0,
      "frame_num" : 1,
      "hight" : 400.0,
      "name" : "building_1",
      "tex_file" : "Elder_House",
      "width" : 600.0,
      "x" : 35.0,
      "y" : 35.0
   },
   "building_10" : {
      "bodyx1" : 110,
      "bodyx2" : 150,
      "bodyy1" : 120,
      "bodyy2" : 60,
      "frame_num" : 1,
      "hight" : 400.0,
      "name" : "building3",
      "tex_file" : "Elder_House",
      "width" : 600.0,
      "x" : 87.0,
      "y" : 83.0
   },
   "building_11" : {
      "bodyx1" : 110.0,
      "bodyx2" : 150.0,
      "bodyy1" : 120.0,
      "bodyy2" : 60.0,
      "frame_num" : 1,
      "hight" : 400.0,
      "name" : "building_11",
      "tex_file" : "Elder_House",
      "width" : 600.0,
      "x" : 91.77759552001953,
      "y" : 82.75555419921875
   },
   "building_12" : {
      "bodyx1" : 110.0,
      "bodyx2" : 150.0,
      "bodyy1" : 120.0,
      "bodyy2" : 60.0,
      "frame_num" : 1,
      "hight" : 400.0,
      "name" : "building_12",
      "tex_file" : "Elder_House",
      "width" : 600.0,
      "x" : 91.74067687988281,
      "y" : 78.54613494873047
   },
   "building_2" : {
      "bodyx1" : 109.998535156250,
      "bodyx2" : 1029.986816406250,
      "bodyy1" : 120.0,
      "bodyy2" : 1020.0,
      "frame_num" : 1,
      "hight" : 400.0,
      "name" : "building_2",
      "tex_file" : "Elder_House",
      "width" : 600.0,
      "x" : 80.49518585205078,
      "y" : 70.91750335693359
   },
   "building_3" : {
      "bodyx1" : 110.0,
      "bodyx2" : 810.0,
      "bodyy1" : 120.0,
      "bodyy2" : 780.0,
      "frame_num" : 1,
      "hight" : 400.0,
      "name" : "building_3",
      "tex_file" : "Elder_House",
      "width" : 600.0,
      "x" : 87.28994750976563,
      "y" : 70.87892913818359
   },
   "building_4" : {
      "bodyx1" : 110.0,
      "bodyx2" : 150.0,
      "bodyy1" : 120.0,
      "bodyy2" : 60.0,
      "frame_num" : 1,
      "hight" : 400.0,
      "name" : "building_4",
      "tex_file" : "Elder_House",
      "width" : 600.0,
      "x" : 91.7927246093750,
      "y" : 70.89778900146484
   },
   "building_5" : {
      "bodyx1" : 110.0,
      "bodyx2" : 370.0,
      "bodyy1" : 120.0,
      "bodyy2" : 300.0,
      "frame_num" : 1,
      "hight" : 400.0,
      "name" : "building_5",
      "tex_file" : "Elder_House",
      "width" : 600.0,
      "x" : 91.74288177490234,
      "y" : 74.80207824707031
   },
   "building_6" : {
      "bodyx1" : 0.0,
      "bodyx2" : 0.0,
      "bodyy1" : 0.0,
      "bodyy2" : 0.0,
      "frame_num" : 1,
      "hight" : 400.0,
      "name" : "building_6",
      "tex_file" : "Elder_House",
      "width" : 600.0,
      "x" : 76.03118896484375,
      "y" : 70.86350250244141
   },
   "building_7" : {
      "bodyx1" : 110.0,
      "bodyx2" : 1030.000488281250,
      "bodyy1" : 120.0,
      "bodyy2" : 1020.0,
      "frame_num" : 1,
      "hight" : 400.0,
      "name" : "building_7",
      "tex_file" : "Elder_House",
      "width" : 600.0,
      "x" : 76.06810760498047,
      "y" : 74.85264587402344
   },
   "building_8" : {
      "bodyx1" : 110.0,
      "bodyx2" : 370.000488281250,
      "bodyy1" : 120.0,
      "bodyy2" : 300.0,
      "frame_num" : 1,
      "hight" : 400.0,
      "name" : "building_8",
      "tex_file" : "Elder_House",
      "width" : 600.0,
      "x" : 76.05241394042969,
      "y" : 82.63378906250
   },
   "building_9" : {
      "bodyx1" : 109.99902343750,
      "bodyx2" : 1029.9980468750,
      "bodyy1" : 120.0,
      "bodyy2" : 1020.0,
      "frame_num" : 1,
      "hight" : 400.0,
      "name" : "building_9",
      "tex_file" : "Elder_House",
      "width" : 600.0,
      "x" : 80.51734161376953,
      "y" : 82.70236206054688
   },
   "bush_1" : {
      "bodyx1" : 110,
      "bodyx2" : 150,
      "bodyy1" : 120,
      "bodyy2" : 60,
      "frame_num" : 1,
      "hight" : 200.0,
      "name" : "bush_1",
      "tex_file" : "Bush",
      "width" : 300.0,
      "x" : 63.0,
      "y" : 68.0
   },
   "bush_2" : {
      "bodyx1" : 110,
      "bodyx2" : 150,
      "bodyy1" : 120,
      "bodyy2" : 60,
      "frame_num" : 1,
      "hight" : 200.0,
      "name" : "bush_2",
      "tex_file" : "Bush",
      "width" : 300.0,
      "x" : 64.0,
      "y" : 69.0
   },
   "bush_3" : {
      "bodyx1" : 110,
      "bodyx2" : 150,
      "bodyy1" : 120,
      "bodyy2" : 60,
      "frame_num" : 1,
      "hight" : 200.0,
      "name" : "bush_3",
      "tex_file" : "Bush",
      "width" : 300.0,
      "x" : 66.0,
      "y" : 70.0
   },
   "oasis_center" : {
      "bodyx1" : 170.0019531250,
      "bodyx2" : 510.00878906250,
      "bodyy1" : 280.0,
      "bodyy2" : 840.00097656250,
      "frame_num" : 1,
      "hight" : 600.0,
      "name" : "oasis_center",
      "tex_file" : "Tower",
      "width" : 800.0,
      "x" : 82.84780120849609,
      "y" : 73.15750122070313
   },
   "rock_1" : {
      "bodyx1" : 110,
      "bodyx2" : 150,
      "bodyy1" : 120,
      "bodyy2" : 60,
      "frame_num" : 1,
      "hight" : 100.0,
      "name" : "rock_1",
      "tex_file" : "Rock_2",
      "width" : 150.0,
      "x" : 41.0,
      "y" : 36.0
   },
   "rock_2" : {
      "bodyx1" : 110,
      "bodyx2" : 150,
      "bodyy1" : 120,
      "bodyy2" : 60,
      "frame_num" : 1,
      "hight" : 100.0,
      "name" : "rock_2",
      "tex_file" : "Rock",
      "width" : 150.0,
      "x" : 45.0,
      "y" : 42.0
   },
   "rock_3" : {
      "bodyx1" : 0,
      "bodyx2" : 0,
      "bodyy1" : 0,
      "bodyy2" : 0,
      "frame_num" : 1,
      "hight" : 100.0,
      "name" : "rock_3",
      "tex_file" : "Rock",
      "width" : 150.0,
      "x" : 41.0,
      "y" : 45.0
   },
   "rock_4" : {
      "bodyx1" : 110,
      "bodyx2" : 150,
      "bodyy1" : 120,
      "bodyy2" : 60,
      "frame_num" : 1,
      "hight" : 100.0,
      "name" : "rock_4",
      "tex_file" : "Rock_2",
      "width" : 150.0,
      "x" : 100.0,
      "y" : 87.0
   },
   "tree_1" : {
      "bodyx1" : 110.0002441406250,
      "bodyx2" : 590.0,
      "bodyy1" : 120.0,
      "bodyy2" : 539.9997558593750,
      "frame_num" : 1,
      "hight" : 400.0,
      "name" : "tree_1",
      "tex_file" : "Tree",
      "width" : 600.0,
      "x" : 40.0,
      "y" : 34.0
   },
   "tree_2" : {
      "bodyx1" : 110,
      "bodyx2" : 150,
      "bodyy1" : 120,
      "bodyy2" : 60,
      "frame_num" : 1,
      "hight" : 600.0,
      "name" : "tree_2",
      "tex_file" : "Tree_2",
      "width" : 600.0,
      "x" : 50.0,
      "y" : 62.0
   },
   "tree_3" : {
      "bodyx1" : 110,
      "bodyx2" : 150,
      "bodyy1" : 120,
      "bodyy2" : 60,
      "frame_num" : 1,
      "hight" : 600.0,
      "name" : "tree_3",
      "tex_file" : "Tree_2",
      "width" : 600.0,
      "x" : 53.0,
      "y" : 63.0
   },
   "tree_4" : {
      "bodyx1" : 110.0,
      "bodyx2" : 70.0,
      "bodyy1" : 120.0,
      "bodyy2" : 180.0,
      "frame_num" : 1,
      "hight" : 400.0,
      "name" : "tree_4",
      "tex_file" : "Tree",
      "width" : 600.0,